,Grade_11,Grade_13,Grade_14,Grade_18,Grade_26,Grade_27,Grade_28,Grade_6
Grade_11,0,,,0,40.09862,38.7958,27.61538,26.23075
Grade_13,,0,0,,,,,
Grade_14,,0,0,,,,,
Grade_18,0,,,0,40.08102,38.66685,0,29.79422
Grade_26,29.55031,,,29.70645,0,34.80336,8.924238,31.1874
Grade_27,47.95724,,,46.1995,39.1711,0,49.19506,48.2985
Grade_28,15.83555,,,0,16.92007,35.3697,0,29.90112
Grade_6,10.77466,,,21.72091,37.12786,35.71113,24.2998,0
